{
  "weights": [
    0.5110671520233154,
    0.21159109473228455,
    0.0,
    0.6046819090843201,
    0.622955858707428,
    1.8532813787460327,
    -0.28833040595054626,
    0.3879670798778534,
    0.4897044897079468,
    0.5439971685409546,
    0.07516563683748245,
    0.6902044415473938,
    -1.7639789581298828,
    0.6902044415473938
  ],
  "bias": -0.7456654167076902,
  "scaler_mean": [
    -2.553923751731388,
    0.2546716403277194,
    0.0,
    0.13187066257967633,
    0.007872858115273421,
    0.061263295852380696,
    0.0778808280459193,
    0.020019825471595663,
    0.0035428684052140986,
    0.09213128148532304,
    0.0027975644152916845,
    0.639344262295082,
    0.4426229508196721,
    0.639344262295082
  ],
  "scaler_std": [
    5.432447604029629,
    0.10357947864347378,
    1e-08,
    0.3495712418870963,
    0.008493394813838873,
    0.03468275111345785,
    0.039566318414279766,
    0.01591757278694962,
    0.006561178874324138,
    0.27928060121342196,
    0.006648142426236665,
    0.48019078101235413,
    0.4966969741817417,
    0.48019078101235413
  ],
  "l2": 1.0,
  "is_trained": true,
  "input_names": [
    "raw_logit",
    "sentence_length_cv",
    "paragraph_balance",
    "connector_entropy",
    "hedge_density",
    "nominalization_ratio",
    "parallel_structure",
    "em_dash_ratio",
    "comma_run_score",
    "lexical_uniformity",
    "formal_register",
    "is_translated",
    "is_short",
    "is_ukrainian"
  ]
}