{
  "weights": [
    0.922398030757904,
    0.08723859488964081,
    0.0,
    0.614412248134613,
    0.576652467250824,
    1.816943645477295,
    -0.429556280374527,
    0.3300751745700836,
    0.2698688209056854,
    0.6106947064399719,
    -0.06114943325519562,
    0.6749855279922485,
    -1.695083498954773,
    0.6749855279922485
  ],
  "bias": -0.8054945084274215,
  "scaler_mean": [
    -1.8413140856218142,
    0.2546716403277194,
    0.0,
    0.13187066257967633,
    0.007872858115273421,
    0.061263295852380696,
    0.0778808280459193,
    0.020019825471595663,
    0.0035428684052140986,
    0.09213128148532304,
    0.0027975644152916845,
    0.639344262295082,
    0.4426229508196721,
    0.639344262295082
  ],
  "scaler_std": [
    5.413569537748792,
    0.10357947864347378,
    1e-08,
    0.3495712418870963,
    0.008493394813838873,
    0.03468275111345785,
    0.039566318414279766,
    0.01591757278694962,
    0.006561178874324138,
    0.27928060121342196,
    0.006648142426236665,
    0.48019078101235413,
    0.4966969741817417,
    0.48019078101235413
  ],
  "l2": 1.0,
  "is_trained": true,
  "input_names": [
    "raw_logit",
    "sentence_length_cv",
    "paragraph_balance",
    "connector_entropy",
    "hedge_density",
    "nominalization_ratio",
    "parallel_structure",
    "em_dash_ratio",
    "comma_run_score",
    "lexical_uniformity",
    "formal_register",
    "is_translated",
    "is_short",
    "is_ukrainian"
  ]
}