{
  "dataset_source": "HC3",
  "n_train": 1400,
  "n_val": 300,
  "n_test": 300,
  "feature_dim": 791,
  "semantic_dim": 768,
  "full_model": {
    "accuracy": 0.99,
    "precision": 0.9873417721518988,
    "recall": 0.9936305732484076,
    "f1": 0.9904761904761905,
    "roc_auc": 0.9991537125295087,
    "confusion_matrix": [
      [
        141,
        2
      ],
      [
        1,
        156
      ]
    ]
  },
  "ablation": {
    "Лише стилометрія": {
      "accuracy": 0.8733333333333333,
      "precision": 0.916083916083916,
      "recall": 0.8343949044585988,
      "f1": 0.8733333333333333,
      "roc_auc": 0.9449022315264354,
      "confusion_matrix": [
        [
          131,
          12
        ],
        [
          26,
          131
        ]
      ]
    },
    "Лише перплексія": {
      "accuracy": 0.9833333333333333,
      "precision": 0.9871794871794872,
      "recall": 0.9808917197452229,
      "f1": 0.9840255591054313,
      "roc_auc": 0.9979065520466794,
      "confusion_matrix": [
        [
          141,
          2
        ],
        [
          3,
          154
        ]
      ]
    },
    "Лише семантика": {
      "accuracy": 0.99,
      "precision": 0.9873417721518988,
      "recall": 0.9936305732484076,
      "f1": 0.9904761904761905,
      "roc_auc": 0.9994209612044007,
      "confusion_matrix": [
        [
          141,
          2
        ],
        [
          1,
          156
        ]
      ]
    },
    "Стилометрія+перплексія": {
      "accuracy": 0.9833333333333333,
      "precision": 0.9871794871794872,
      "recall": 0.9808917197452229,
      "f1": 0.9840255591054313,
      "roc_auc": 0.9977283862634181,
      "confusion_matrix": [
        [
          141,
          2
        ],
        [
          3,
          154
        ]
      ]
    },
    "Повна модель (фузія)": {
      "accuracy": 0.99,
      "precision": 0.9873417721518988,
      "recall": 0.9936305732484076,
      "f1": 0.9904761904761905,
      "roc_auc": 0.9991537125295087,
      "confusion_matrix": [
        [
          141,
          2
        ],
        [
          1,
          156
        ]
      ]
    }
  },
  "baselines": {
    "Поріг за перплексією": {
      "accuracy": 0.9633333333333334,
      "precision": 0.9866666666666667,
      "recall": 0.9426751592356688,
      "f1": 0.9641693811074918,
      "roc_auc": 0.9643445726248274,
      "confusion_matrix": [
        [
          141,
          2
        ],
        [
          9,
          148
        ]
      ]
    },
    "Логістична регресія": {
      "accuracy": 0.9966666666666667,
      "precision": 0.9936708860759493,
      "recall": 1.0,
      "f1": 0.9968253968253968,
      "roc_auc": 0.9999109171083693,
      "confusion_matrix": [
        [
          142,
          1
        ],
        [
          0,
          157
        ]
      ]
    },
    "AuthorTrace (гібрид)": {
      "accuracy": 0.99,
      "precision": 0.9873417721518988,
      "recall": 0.9936305732484076,
      "f1": 0.9904761904761905,
      "roc_auc": 0.9991537125295087,
      "confusion_matrix": [
        [
          141,
          2
        ],
        [
          1,
          156
        ]
      ]
    }
  },
  "perplexity_threshold": 26.92881456375122,
  "epochs_trained": 50,
  "runtime_seconds": 17.3
}