{
  "dataset_source": "HC3",
  "n_train": 1400,
  "n_val": 300,
  "n_test": 300,
  "feature_dim": 791,
  "semantic_dim": 768,
  "full_model": {
    "accuracy": 0.9966666666666667,
    "precision": 0.9936708860759493,
    "recall": 1.0,
    "f1": 0.9968253968253968,
    "roc_auc": 0.999866375662554,
    "confusion_matrix": [
      [
        142,
        1
      ],
      [
        0,
        157
      ]
    ]
  },
  "ablation": {
    "Лише стилометрія": {
      "accuracy": 0.87,
      "precision": 0.9154929577464789,
      "recall": 0.8280254777070064,
      "f1": 0.8695652173913043,
      "roc_auc": 0.9448131486348047,
      "confusion_matrix": [
        [
          131,
          12
        ],
        [
          27,
          130
        ]
      ]
    },
    "Лише перплексія": {
      "accuracy": 0.99,
      "precision": 1.0,
      "recall": 0.9808917197452229,
      "f1": 0.9903536977491961,
      "roc_auc": 0.9985746737339094,
      "confusion_matrix": [
        [
          143,
          0
        ],
        [
          3,
          154
        ]
      ]
    },
    "Лише семантика": {
      "accuracy": 0.9866666666666667,
      "precision": 0.9751552795031055,
      "recall": 1.0,
      "f1": 0.9874213836477987,
      "roc_auc": 0.9994209612044007,
      "confusion_matrix": [
        [
          139,
          4
        ],
        [
          0,
          157
        ]
      ]
    },
    "Стилометрія+перплексія": {
      "accuracy": 0.99,
      "precision": 1.0,
      "recall": 0.9808917197452229,
      "f1": 0.9903536977491961,
      "roc_auc": 0.9987082980713554,
      "confusion_matrix": [
        [
          143,
          0
        ],
        [
          3,
          154
        ]
      ]
    },
    "Повна модель (фузія)": {
      "accuracy": 0.9966666666666667,
      "precision": 0.9936708860759493,
      "recall": 1.0,
      "f1": 0.9968253968253968,
      "roc_auc": 0.999866375662554,
      "confusion_matrix": [
        [
          142,
          1
        ],
        [
          0,
          157
        ]
      ]
    }
  },
  "baselines": {
    "Поріг за перплексією": {
      "accuracy": 0.9633333333333334,
      "precision": 1.0,
      "recall": 0.9299363057324841,
      "f1": 0.9636963696369637,
      "roc_auc": 0.964968152866242,
      "confusion_matrix": [
        [
          143,
          0
        ],
        [
          11,
          146
        ]
      ]
    },
    "Логістична регресія": {
      "accuracy": 0.9966666666666667,
      "precision": 0.9936708860759493,
      "recall": 1.0,
      "f1": 0.9968253968253968,
      "roc_auc": 0.999866375662554,
      "confusion_matrix": [
        [
          142,
          1
        ],
        [
          0,
          157
        ]
      ]
    },
    "AuthorTrace (гібрид)": {
      "accuracy": 0.9966666666666667,
      "precision": 0.9936708860759493,
      "recall": 1.0,
      "f1": 0.9968253968253968,
      "roc_auc": 0.999866375662554,
      "confusion_matrix": [
        [
          142,
          1
        ],
        [
          0,
          157
        ]
      ]
    }
  },
  "perplexity_threshold": 27.40324565887451,
  "runtime_seconds": 660.2
}