{
  "clean_recall": {
    "Поріг за перплексією": 0.9299363057324841,
    "Перплексія": 0.9808917197452229,
    "Семантика": 0.9936305732484076,
    "Логістична регресія": 1.0,
    "AuthorTrace (гібрид)": 0.9936305732484076
  },
  "perturbed_recall": {
    "Поріг за перплексією": 0.643312101910828,
    "Перплексія": 0.5987261146496815,
    "Семантика": 0.8853503184713376,
    "Логістична регресія": 0.9044585987261147,
    "AuthorTrace (гібрид)": 0.8662420382165605
  },
  "n_ai_texts": 157,
  "runtime_seconds": 113.6
}