{
  "clean_recall": {
    "Поріг за перплексією": 0.9426751592356688,
    "Перплексія": 0.9808917197452229,
    "Семантика": 0.9936305732484076,
    "Логістична регресія": 1.0,
    "AuthorTrace (гібрид)": 0.9936305732484076
  },
  "perturbed_recall": {
    "Поріг за перплексією": 0.7197452229299363,
    "Перплексія": 0.6496815286624203,
    "Семантика": 0.9044585987261147,
    "Логістична регресія": 0.9235668789808917,
    "AuthorTrace (гібрид)": 0.89171974522293
  },
  "n_ai_texts": 157,
  "runtime_seconds": 148.2
}